{
  "json_schema_version": "2.2.0",
  "input_preproc": [],
  "output_postproc": [
    {
      "layer_name": "453",
      "attribute_name": "person-attributes",
      "labels": [
        "M:",
        "F:",
        "has_bag",
        "",
        "has_backpack",
        "",
        "has_hat",
        "",
        "has_longsleeves",
        "",
        "has_longpants",
        "",
        "has_longhair",
        "",
        "has_coat_jacket",
        ""
      ],
      "converter": "label",
      "method": "compound"
    }
  ]
}
