{
    "json_schema_version": "2.2.0",
    "input_preproc": [],
    "output_postproc": [
        {
            "layer_name": "age_conv3",
            "attribute_name": "age",
            "converter": "text",
            "text_precision": 0,
            "text_scale": 100.0
        },
        {
            "layer_name": "prob",
            "attribute_name": "gender",
            "labels": [
                "Female",
                "Male"
            ],
            "converter": "label",
            "method": "max"
        }
    ]
}
