{
    "json_schema_version": "2.2.0",
    "input_preproc": [
        {
            "precision": "FP32",
            "params": {
                "color_space": "RGB",
                "crop": "central",
                "range": [ 0.0, 1.0 ],
                "mean": [
                    0.485,
                    0.456,
                    0.406
                ],
                "std": [
                    0.229,
                    0.224,
                    0.225
                ]
            }
        }
    ],
    "output_postproc": [
        {
            "converter": "label",
            "method": "softmax"
        }
    ]
}
