{
    "json_schema_version": "2.2.0",
    "input_preproc": [
    ],
    "output_postproc": [
        {
            "attribute_name": "action",
            "converter": "label",
            "method": "softmax",
            "labels": [
                "Safe driving",
                "Texting left",
                "Texting right",
                "Talking phone left",
                "Talking phone right",
                "Operating radio",
                "Drinking eating",
                "Reaching behind",
                "Hair and makeup"
            ]
        }
    ]
}
