{
    "json_schema_version": "2.0.0",
    "input_preproc": [
      {
        "layer_name": "input",
        "format": "image"
      }
    ],
    "output_postproc": [
      {
        "attribute_name": "license_plate",
        "labels": [
          "0",
          "1",
          "2",
          "3",
          "4",
          "5",
          "6",
          "7",
          "8",
          "9",
          "<Anhui>",
          "<Beijing>",
          "<Chongqing>",
          "<Fujian>",
          "<Gansu>",
          "<Guangdong>",
          "<Guangxi>",
          "<Guizhou>",
          "<Hainan>",
          "<Hebei>",
          "<Heilongjiang>",
          "<Henan>",
          "<HongKong>",
          "<Hubei>",
          "<Hunan>",
          "<InnerMongolia>",
          "<Jiangsu>",
          "<Jiangxi>",
          "<Jilin>",
          "<Liaoning>",
          "<Macau>",
          "<Ningxia>",
          "<Qinghai>",
          "<Shaanxi>",
          "<Shandong>",
          "<Shanghai>",
          "<Shanxi>",
          "<Sichuan>",
          "<Tianjin>",
          "<Tibet>",
          "<Xinjiang>",
          "<Yunnan>",
          "<Zhejiang>",
          "<police>",
          "A",
          "B",
          "C",
          "D",
          "E",
          "F",
          "G",
          "H",
          "I",
          "J",
          "K",
          "L",
          "M",
          "N",
          "O",
          "P",
          "Q",
          "R",
          "S",
          "T",
          "U",
          "V",
          "W",
          "X",
          "Y",
          "Z"
        ],
        "converter": "tensor_to_label",
        "method": "index"
      }
    ]
  }