{
  "json_schema_version": "2.2.0",
  "input_preproc": [],
  "output_postproc": [
    {
      "converter": "label",
      "method": "compound",
      "layer_name": "attributes",
      "attribute_name": "person-attributes",
      "labels": [
        "M:",
        "F:",
        "has_bag",
        "",
        "has_hat",
        "",
        "has_longsleeves",
        "",
        "has_longpants",
        "",
        "has_longhair",
        "",
        "has_coat_jacket",
        ""
      ]
    }
  ]
}
