{
  "json_schema_version": "2.2.0",
  "input_preproc": [],
  "output_postproc": [
    {
      "converter": "yolo_v3",
      "iou_threshold": 0.5,
      "classes": 80,
      "anchors": [
        10.0,
        13.0,
        16.0,
        30.0,
        33.0,
        23.0,
        30.0,
        61.0,
        62.0,
        45.0,
        59.0,
        119.0,
        116.0,
        90.0,
        156.0,
        198.0,
        373.0,
        326.0
      ],
      "masks": [
        6,
        7,
        8,
        3,
        4,
        5,
        0,
        1,
        2
      ],
      "bbox_number_on_cell": 3,
      "cells_number": 13,
      "labels": [
        "person",
        "bicycle",
        "car",
        "motorbike",
        "aeroplane",
        "bus",
        "train",
        "truck",
        "boat",
        "traffic light",
        "fire hydrant",
        "stop sign",
        "parking meter",
        "bench",
        "bird",
        "cat",
        "dog",
        "horse",
        "sheep",
        "cow",
        "elephant",
        "bear",
        "zebra",
        "giraffe",
        "backpack",
        "umbrella",
        "handbag",
        "tie",
        "suitcase",
        "frisbee",
        "skis",
        "snowboard",
        "sports ball",
        "kite",
        "baseball bat",
        "baseball glove",
        "skateboard",
        "surfboard",
        "tennis racket",
        "bottle",
        "wine glass",
        "cup",
        "fork",
        "knife",
        "spoon",
        "bowl",
        "banana",
        "apple",
        "sandwich",
        "orange",
        "broccoli",
        "carrot",
        "hot dog",
        "pizza",
        "donut",
        "cake",
        "chair",
        "sofa",
        "pottedplant",
        "bed",
        "diningtable",
        "toilet",
        "tvmonitor",
        "laptop",
        "mouse",
        "remote",
        "keyboard",
        "cell phone",
        "microwave",
        "oven",
        "toaster",
        "sink",
        "refrigerator",
        "book",
        "clock",
        "vase",
        "scissors",
        "teddy bear",
        "hair drier",
        "toothbrush"
      ]
    }
  ]
}
