{
    "json_schema_version": "2.2.0",
    "input_preproc": [],
    "output_postproc": [
        {
            "converter": "detection_output",
            "labels": [
                "__background__",
                "undefined ",
                "sprite",
                "kool-aid",
                "extra",
                "ocelo",
                "finish",
                "mtn_dew",
                "best_foods",
                "gatorade",
                "heinz",
                "ruffles",
                "pringles",
                "del_monte"
            ]
        }
    ]
}
