{
  "json_schema_version": "2.2.0",
  "input_preproc": [],
  "output_postproc": [
    {
      "converter": "label",
      "method": "max",
      "layer_name": "color",
      "attribute_name": "color",
      "labels": [
        "white",
        "gray",
        "yellow",
        "red",
        "green",
        "blue",
        "black"
      ]
    },
    {
      "converter": "label",
      "method": "max",
      "layer_name": "type",
      "attribute_name": "type",
      "labels": [
        "car",
        "bus",
        "truck",
        "van"
      ]
    }
  ]
}
