{
    "json_schema_version": "2.2.0",
    "input_preproc": [],
    "output_postproc": [
        {
            "converter": "yolo_v2",
            "iou_threshold": 0.25,
            "anchors": [
                1.08,
                1.19,
                3.42,
                4.41,
                6.63,
                11.38,
                9.42,
                5.11,
                16.62,
                10.52
            ],
            "labels": [
                "aeroplane",
                "bicycle",
                "bird",
                "boat",
                "bottle",
                "bus",
                "car",
                "cat",
                "chair",
                "cow",
                "diningtable",
                "dog",
                "horse",
                "motorbike",
                "person",
                "pottedplant",
                "sheep",
                "sofa",
                "train",
                "tvmonitor"
            ]
        }
    ]
}
