{
    "json_schema_version": "2.2.0",
    "input_preproc": [
        {
            "params": {
                "color_space": "GRAYSCALE",
                "resize": "no-aspect-ratio"
            }
        }
    ],
    "output_postproc": [
        {
            "converter": "label",
            "method": "max",
            "labels": [
                "neutral",
                "happiness",
                "surprise",
                "sadness",
                "anger",
                "disgust",
                "fear",
                "contempt"
            ]
        }
    ]
}
