{
	"json_schema_version": "2.2.0",
	"input_preproc": [],
	"output_postproc": [
		{
			"layer_name": "output",
			"converter": "audio_labels",
			"labels": [
				{
					"index": 0,
					"label": "Dog",
					"threshold": 0.5
				},
				{
					"index": 1,
					"label": "Rooster",
					"threshold": 0.5
				},
				{
					"index": 2,
					"label": "Pig",
					"threshold": 0.5
				},
				{
					"index": 3,
					"label": "Cow",
					"threshold": 0.5
				},
				{
					"index": 4,
					"label": "Frog",
					"threshold": 0.5
				},
				{
					"index": 5,
					"label": "Cat",
					"threshold": 0.5
				},
				{
					"index": 6,
					"label": "Hen",
					"threshold": 0.5
				},
				{
					"index": 7,
					"label": "Insects (flying)",
					"threshold": 0.5
				},
				{
					"index": 8,
					"label": "Sheep",
					"threshold": 0.5
				},
				{
					"index": 9,
					"label": "Crow",
					"threshold": 0.5
				},
				{
					"index": 10,
					"label": "Rain",
					"threshold": 0.5
				},
				{
					"index": 11,
					"label": "Sea waves",
					"threshold": 0.5
				},
				{
					"index": 12,
					"label": "Crackling fire",
					"threshold": 0.5
				},
				{
					"index": 13,
					"label": "Crickets",
					"threshold": 0.5
				},
				{
					"index": 14,
					"label": "Chirping birds",
					"threshold": 0.5
				},
				{
					"index": 15,
					"label": "Water drops",
					"threshold": 0.5
				},
				{
					"index": 16,
					"label": "Wind",
					"threshold": 0.5
				},
				{
					"index": 17,
					"label": "Pouring water",
					"threshold": 0.5
				},
				{
					"index": 18,
					"label": "Toilet flush",
					"threshold": 0.5
				},
				{
					"index": 19,
					"label": "Thunderstorm",
					"threshold": 0.5
				},
				{
					"index": 20,
					"label": "Crying baby",
					"threshold": 0.5
				},
				{
					"index": 21,
					"label": "Sneezing",
					"threshold": 0.5
				},
				{
					"index": 22,
					"label": "Clapping",
					"threshold": 0.5
				},
				{
					"index": 23,
					"label": "Breathing",
					"threshold": 0.5
				},
				{
					"index": 24,
					"label": "Coughing",
					"threshold": 0.5
				},
				{
					"index": 25,
					"label": "Footsteps",
					"threshold": 0.5
				},
				{
					"index": 26,
					"label": "Laughing",
					"threshold": 0.5
				},
				{
					"index": 27,
					"label": "Brushing teeth",
					"threshold": 0.5
				},
				{
					"index": 28,
					"label": "Snoring",
					"threshold": 0.5
				},
				{
					"index": 29,
					"label": "Drinking, sipping",
					"threshold": 0.5
				},
				{
					"index": 30,
					"label": "Door knock",
					"threshold": 0.5
				},
				{
					"index": 31,
					"label": "Mouse click",
					"threshold": 0.5
				},
				{
					"index": 32,
					"label": "Keyboard typing",
					"threshold": 0.5
				},
				{
					"index": 33,
					"label": "Door, wood creaks",
					"threshold": 0.5
				},
				{
					"index": 34,
					"label": "Can opening",
					"threshold": 0.5
				},
				{
					"index": 35,
					"label": "Washing machine",
					"threshold": 0.5
				},
				{
					"index": 36,
					"label": "Vacuum cleaner",
					"threshold": 0.5
				},
				{
					"index": 37,
					"label": "Clock alarm",
					"threshold": 0.5
				},
				{
					"index": 38,
					"label": "Clock tick",
					"threshold": 0.5
				},
				{
					"index": 39,
					"label": "Glass breaking",
					"threshold": 0.5
				},
				{
					"index": 40,
					"label": "Helicopter",
					"threshold": 0.5
				},
				{
					"index": 41,
					"label": "Chainsaw",
					"threshold": 0.5
				},
				{
					"index": 42,
					"label": "Siren",
					"threshold": 0.5
				},
				{
					"index": 43,
					"label": "Car horn",
					"threshold": 0.5
				},
				{
					"index": 44,
					"label": "Engine",
					"threshold": 0.5
				},
				{
					"index": 45,
					"label": "Train",
					"threshold": 0.5
				},
				{
					"index": 46,
					"label": "Church bells",
					"threshold": 0.5
				},
				{
					"index": 47,
					"label": "Airplane",
					"threshold": 0.5
				},
				{
					"index": 48,
					"label": "Fireworks",
					"threshold": 0.5
				},
				{
					"index": 49,
					"label": "Hand saw",
					"threshold": 0.5
				},
				{
					"index": 50,
					"label": "Gunshot",
					"threshold": 0.5
				},
				{
					"index": 51,
					"label": "Crowd",
					"threshold": 0.5
				},
				{
					"index": 52,
					"label": "Speech",
					"threshold": 0.5
				}
			]
		}
	]
}
