{
    "json_schema_version": "2.2.0",
    "input_preproc": [
      {
        "layer_name": "image_tensor",
        "precision": "U8",
        "format": "image",
        "params": {
          "resize": "aspect-ratio",
          "color_space": "BGR"
        }
      },
      {
        "layer_name": "image_info",
        "precision": "FP32",
        "format": "image_info"
      }
    ],
    "output_postproc": [
      {
        "converter": "mask_rcnn",
        "labels": [
          "__background__",
          "person",
          "bicycle",
          "car",
          "motorbike",
          "aeroplane",
          "bus",
          "train",
          "truck",
          "boat",
          "trafficlight",
          "firehydrant",
          "streetsign",
          "stopsign",
          "parkingmeter",
          "bench",
          "bird",
          "cat",
          "dog",
          "horse",
          "sheep",
          "cow",
          "elephant",
          "bear",
          "zebra",
          "giraffe",
          "hat",
          "backpack",
          "umbrella",
          "shoe",
          "eyeglasses",
          "handbag",
          "tie",
          "suitcase",
          "frisbee",
          "skis",
          "snowboard",
          "sportsball",
          "kite",
          "baseballbat",
          "baseballglove",
          "skateboard",
          "surfboard",
          "tennisracket",
          "bottle",
          "plate",
          "wineglass",
          "cup",
          "fork",
          "knife",
          "spoon",
          "bowl",
          "banana",
          "apple",
          "sandwich",
          "orange",
          "broccoli",
          "carrot",
          "hotdog",
          "pizza",
          "donut",
          "cake",
          "chair",
          "sofa",
          "pottedplant",
          "bed",
          "mirror",
          "diningtable",
          "window",
          "desk",
          "toilet",
          "door",
          "tvmonitor",
          "laptop",
          "mouse",
          "remote",
          "keyboard",
          "cellphone",
          "microwave",
          "oven",
          "toaster",
          "sink",
          "refrigerator",
          "blender",
          "book",
          "clock",
          "vase",
          "scissors",
          "teddybear",
          "hairdrier",
          "toothbrush",
          "hairbrush"
        ]
      }
    ]
  }