{
    "json_schema_version": "2.2.0",
    "input_preproc": [
        {
            "format": "image",
            "layer_name": "data"
        }
    ],
    "output_postproc": [
        {
            "converter": "yolo_v3",
            "layer_names": [
                "yolov30_yolooutputv30_conv0_fwd/YoloRegion",
                "yolov30_yolooutputv31_conv0_fwd/YoloRegion",
                "yolov30_yolooutputv32_conv0_fwd/YoloRegion"
            ],
            "iou_threshold": 0.5,
            "anchors": [
                10.0,
                12.0,
                16.0,
                20.0,
                23.0,
                29.0,
                43.0,
                54.0,
                60.0,
                75.0,
                80.0,
                106.0,
                118.0,
                157.0,
                186.0,
                248.0,
                285.0,
                379.0
            ],
            "masks": [
                6,
                7,
                8,
                3,
                4,
                5,
                0,
                1,
                2
            ],
            "labels": [
                "face"
            ]
        }
    ]
}
