{
    "json_schema_version": "2.2.0",
    "input_preproc": [],
    "output_postproc": [
        {
            "converter": "yolo_v4",
            "do_cls_softmax": true,
            "output_sigmoid_activation": true,
            "iou_threshold": 0.4,
            "classes": 80,
            "anchors": [
                23.0,
                27.0,
                37.0,
                58.0,
                81.0,
                82.0,
                81.0,
                82.0,
                135.0,
                169.0,
                344.0,
                319.0
            ],
            "masks": [
                3,
                4,
                5,
                0,
                1,
                2
            ]
        }
    ]
}
