{
    "json_schema_version": "2.2.0",
    "input_preproc": [],
    "output_postproc": [
        {
            "converter": "yolo_x",
            "iou_threshold": 0.4,
            "classes": 80,
            "labels": [
                "person",
                "bicycle",
                "car",
                "motorcycle",
                "airplane",
                "bus",
                "train",
                "truck",
                "boat",
                "trafficlight",
                "firehydrant",
                "stopsign",
                "parkingmeter",
                "bench",
                "bird",
                "cat",
                "dog",
                "horse",
                "sheep",
                "cow",
                "elephant",
                "bear",
                "zebra",
                "giraffe",
                "backpack",
                "umbrella",
                "handbag",
                "tie",
                "suitcase",
                "frisbee",
                "skis",
                "snowboard",
                "sportsball",
                "kite",
                "baseballbat",
                "baseballglove",
                "skateboard",
                "surfboard",
                "tennisracket",
                "bottle",
                "wineglass",
                "cup",
                "fork",
                "knife",
                "spoon",
                "bowl",
                "banana",
                "apple",
                "sandwich",
                "orange",
                "broccoli",
                "carrot",
                "hotdog",
                "pizza",
                "donut",
                "cake",
                "chair",
                "couch",
                "pottedplant",
                "bed",
                "diningtable",
                "toilet",
                "tv",
                "laptop",
                "mouse",
                "remote",
                "keyboard",
                "cellphone",
                "microwave",
                "oven",
                "toaster",
                "sink",
                "refrigerator",
                "book",
                "clock",
                "vase",
                "scissors",
                "teddybear",
                "hairdrier",
                "toothbrush"
            ]
        }
    ]
}