{
    "json_schema_version": "2.2.0",
    "input_preproc": [],
    "output_postproc": [
        {
            "converter": "yolo_v2",
            "iou_threshold": 0.5,
            "classes": 80,
            "anchors": [
                0.57273,
                0.677385,
                1.87446,
                2.06253,
                3.33843,
                5.47434,
                7.88282,
                3.52778,
                9.77052,
                9.16828
            ]
        }
    ]
}
