{
    "json_schema_version": "2.2.0",
    "input_preproc": [],
    "output_postproc": [
        {
            "converter": "yolo_v2",
            "iou_threshold": 0.5,
            "classes": 20,
            "anchors": [
                1.3221,
                1.73145,
                3.19275,
                4.00944,
                5.05587,
                8.09892,
                9.47112,
                4.84053,
                11.2364,
                10.0071
            ]
        }
    ]
}
