{
    "json_schema_version": "2.2.0",
    "input_preproc": [],
    "output_postproc": [
        {
            "converter": "yolo_v5",
            "output_sigmoid_activation": true,
            "do_cls_softmax": true,
            "iou_threshold": 0.4,
            "classes": 80,
            "anchors": [
                10.0,
                13.0,
                16.0,
                30.0,
                33.0,
                23.0,
                30.0,
                61.0,
                62.0,
                45.0,
                59.0,
                119.0,
                116.0,
                90.0,
                156.0,
                198.0,
                373.0,
                326.0
            ],
            "masks": [
                6,
                7,
                8,
                3,
                4,
                5,
                0,
                1,
                2
            ]
        }
    ]
}
