{
    "json_schema_version": "2.2.0",
    "input_preproc": [],
    "output_postproc": [
        {
            "converter": "yolo_v4",
            "iou_threshold": 0.4,
            "do_cls_softmax": true,
            "output_sigmoid_activation": true,
            "classes": 80,
            "anchors": [
                12.0,
                16.0,
                19.0,
                36.0,
                40.0,
                28.0,
                36.0,
                75.0,
                76.0,
                55.0,
                72.0,
                146.0,
                142.0,
                110.0,
                192.0,
                243.0,
                459.0,
                401.0
            ],
            "masks": [
                6,
                7,
                8,
                3,
                4,
                5,
                0,
                1,
                2
            ]
        }
    ]
}
