{
    "json_schema_version": "2.2.0",
    "input_preproc": [],
    "output_postproc": [
        {
            "converter": "yolo_v3",
            "iou_threshold": 0.5,
            "do_cls_softmax": false,
            "output_sigmoid_activation": false,
            "classes": 80,
            "anchors": [
                10.0,
                14.0,
                23.0,
                27.0,
                37.0,
                58.0,
                81.0,
                82.0,
                135.0,
                169.0,
                344.0,
                319.0
            ],
            "masks": [
                3,
                4,
                5,
                1,
                2,
                3
            ]
        }
    ]
}
